model,n_reps_done,n_reps_failed,fitness_mean,fitness_std,fitness_best,best_rep_lut4,best_rep_ff,best_rep_fmax_mhz,best_rep_iterations,best_rep_cycles,best_rep_ipc_coremark,iters_to_best_mean,pass_rate,total_cost_usd,mean_wall_clock_per_iter_sec,total_tokens_in,total_tokens_out
gpt-5_5_xhigh,3,0,468.29999999999995,52.8329486841939,525.04,5453,2138,220.22,10,4194377,2e-06,28.333333333333332,0.12318840579710144,0.0,477.5217391304348,45872105,935500
gpt-5_5_high,3,0,430.16333333333336,23.00252932952278,461.87,9807,1982,187.3,10,4055214,2e-06,31.333333333333332,0.13768115942028986,0.0,578.0217391304349,37360767,448874
gpt-5_5_medium,3,0,423.45666666666665,11.248568303961564,431.58,7803,1130,200.6,10,4648003,2e-06,36.0,0.11594202898550725,0.0,512.6304347826086,33476746,255284
kimi-k2_6,1,0,282.82,0.0,282.82,9563,1866,127.03,10,4491485,2e-06,1.0,0.25,0.41529214000000003,759.0,550418,59253
