model,n_reps_done,n_reps_failed,fitness_mean,fitness_std,fitness_best,iters_to_best_mean,pass_rate,total_cost_usd,mean_wall_clock_per_iter_sec,total_tokens_in,total_tokens_out
gpt-5_5_xhigh,3,0,468.29999999999995,52.8329486841939,525.04,28.333333333333332,0.12318840579710144,0.0,477.5217391304348,45872105,935500
gpt-5_5_high,3,0,430.16333333333336,23.00252932952278,461.87,31.333333333333332,0.13768115942028986,0.0,578.0217391304349,37360767,448874
gpt-5_5_medium,3,0,423.45666666666665,11.248568303961564,431.58,36.0,0.11594202898550725,0.0,512.6304347826086,33476746,255284
kimi-k2_6,1,0,282.82,0.0,282.82,1.0,0.25,0.41529214000000003,759.0,550418,59253
