model,n_reps_done,n_reps_failed,fitness_mean,fitness_std,fitness_best,best_rep_lut4,best_rep_ff,best_rep_fmax_mhz,best_rep_iterations,best_rep_cycles,best_rep_ipc_coremark,iters_to_best_mean,pass_rate,total_cost_usd,mean_wall_clock_per_iter_sec,total_tokens_in,total_tokens_out
gpt-5_4_xhigh,2,0,504.975,8.865000000000009,513.84,10108,1893,203.29,10,3956276,3e-06,26.5,0.13043478260869565,0.0,600.391304347826,64790335,935292
gpt-5_5_xhigh,3,0,468.29999999999995,52.8329486841939,525.04,5453,2138,220.22,10,4194377,2e-06,28.333333333333332,0.12318840579710144,0.0,477.5217391304348,45872105,935500
gpt-5_5_high,3,0,430.16333333333336,23.00252932952278,461.87,9807,1982,187.3,10,4055214,2e-06,31.333333333333332,0.13768115942028986,0.0,578.0217391304349,37360767,448874
gpt-5_5_medium,3,0,423.45666666666665,11.248568303961564,431.58,7803,1130,200.6,10,4648003,2e-06,36.0,0.11594202898550725,0.0,512.6304347826086,33476746,255284
kimi-k2_6,2,1,339.49,8.269999999999982,347.76,10254,1940,146.18,10,4203461,2e-06,11.5,0.06521739130434782,28.44417399000001,690.0652173913044,57804171,3393092
gemini-3_1-pro,3,0,339.42333333333335,12.578898556268307,354.73,10242,2036,149.7,10,4220145,2e-06,21.0,0.06521739130434782,83.52989199999999,491.90579710144925,70062583,2765113
